{"_timestamp":1.7334902075166876e+09,"_runtime":263.4639662,"_wandb":{"runtime":263},"_step":7149,"reward_mean":1.4,"reward":1}