{"reward_mean":5,"epsilon":0.4488569639090507,"reward":4,"_wandb":{"runtime":37687},"_runtime":37687.5977679,"_step":106828,"loss_mean":0.0220833133906126,"_timestamp":1.733128602576878e+09,"loss":0.009830417111515999}