{"reward":5,"_timestamp":1.7329695247698417e+09,"_runtime":12.6675114,"_step":107,"epsilon":0.9983962753053759,"_wandb":{"runtime":12},"reward_100":5}