{"loss_100":0.009803246113006026,"reward":2,"_wandb":{"runtime":325},"reward_100":1.2,"loss":0.014609025791287422,"_step":13332,"_timestamp":1.7329702983668e+09,"_runtime":325.41888,"epsilon":0.8194585240718426}